/home/anp50/rds/hpc-work/satellite_trails/data/dataset_pngs/ML1_20170902_022840_red.fits_full.png,/home/anp50/rds/hpc-work/satellite_trails/data/dataset_pngs/ML1_20170902_022840_red_mask.png,0
/home/anp50/rds/hpc-work/satellite_trails/data/dataset_pngs/ML1_20171023_002210_red.fits_full.png,/home/anp50/rds/hpc-work/satellite_trails/data/dataset_pngs/ML1_20171023_002210_red_mask.png,0
/home/anp50/rds/hpc-work/satellite_trails/data/dataset_pngs/ML1_20171023_003240_red.fits_full.png,/home/anp50/rds/hpc-work/satellite_trails/data/dataset_pngs/ML1_20171023_003240_red_mask.png,0
/home/anp50/rds/hpc-work/satellite_trails/data/dataset_pngs/ML1_20171023_014550_red.fits_full.png,/home/anp50/rds/hpc-work/satellite_trails/data/dataset_pngs/ML1_20171023_014550_red_mask.png,0
/home/anp50/rds/hpc-work/satellite_trails/data/dataset_pngs/ML1_20181227_184754_red.fits_full.png,/home/anp50/rds/hpc-work/satellite_trails/data/dataset_pngs/ML1_20181227_184754_red_mask.png,0
/home/anp50/rds/hpc-work/satellite_trails/data/dataset_pngs/ML1_20181231_193445_red.fits_full.png,/home/anp50/rds/hpc-work/satellite_trails/data/dataset_pngs/ML1_20181231_193445_red_mask.png,2
/home/anp50/rds/hpc-work/satellite_trails/data/dataset_pngs/ML1_20181231_194444_red.fits_full.png,/home/anp50/rds/hpc-work/satellite_trails/data/dataset_pngs/ML1_20181231_194444_red_mask.png,0
/home/anp50/rds/hpc-work/satellite_trails/data/dataset_pngs/ML1_20190108_192313_red.fits_full.png,/home/anp50/rds/hpc-work/satellite_trails/data/dataset_pngs/ML1_20190108_192313_red_mask.png,1
/home/anp50/rds/hpc-work/satellite_trails/data/dataset_pngs/ML1_20190121_194039_red.fits_full.png,/home/anp50/rds/hpc-work/satellite_trails/data/dataset_pngs/ML1_20190121_194039_red_mask.png,1
/home/anp50/rds/hpc-work/satellite_trails/data/dataset_pngs/ML1_20190123_223503_red.fits_full.png,/home/anp50/rds/hpc-work/satellite_trails/data/dataset_pngs/ML1_20190123_223503_red_mask.png,0
/home/anp50/rds/hpc-work/satellite_trails/data/dataset_pngs/ML1_20190204_203214_red.fits_full.png,/home/anp50/rds/hpc-work/satellite_trails/data/dataset_pngs/ML1_20190204_203214_red_mask.png,0
/home/anp50/rds/hpc-work/satellite_trails/data/dataset_pngs/ML1_20190205_021626_red.fits_full.png,/home/anp50/rds/hpc-work/satellite_trails/data/dataset_pngs/ML1_20190205_021626_red_mask.png,0
/home/anp50/rds/hpc-work/satellite_trails/data/dataset_pngs/ML1_20190602_181454_red.fits_full.png,/home/anp50/rds/hpc-work/satellite_trails/data/dataset_pngs/ML1_20190602_181454_red_mask.png,0
/home/anp50/rds/hpc-work/satellite_trails/data/dataset_pngs/ML1_20190608_180108_red.fits_full.png,/home/anp50/rds/hpc-work/satellite_trails/data/dataset_pngs/ML1_20190608_180108_red_mask.png,2
/home/anp50/rds/hpc-work/satellite_trails/data/dataset_pngs/ML1_20190608_181433_red.fits_full.png,/home/anp50/rds/hpc-work/satellite_trails/data/dataset_pngs/ML1_20190608_181433_red_mask.png,0
/home/anp50/rds/hpc-work/satellite_trails/data/dataset_pngs/ML1_20190621_043445_red.fits_full.png,/home/anp50/rds/hpc-work/satellite_trails/data/dataset_pngs/ML1_20190621_043445_red_mask.png,0
/home/anp50/rds/hpc-work/satellite_trails/data/dataset_pngs/ML1_20190716_172613_red.fits_full.png,/home/anp50/rds/hpc-work/satellite_trails/data/dataset_pngs/ML1_20190716_172613_red_mask.png,0
/home/anp50/rds/hpc-work/satellite_trails/data/dataset_pngs/ML1_20190806_172711_red.fits_full.png,/home/anp50/rds/hpc-work/satellite_trails/data/dataset_pngs/ML1_20190806_172711_red_mask.png,0
/home/anp50/rds/hpc-work/satellite_trails/data/dataset_pngs/ML1_20190822_034309_red.fits_full.png,/home/anp50/rds/hpc-work/satellite_trails/data/dataset_pngs/ML1_20190822_034309_red_mask.png,2
/home/anp50/rds/hpc-work/satellite_trails/data/dataset_pngs/ML1_20190822_170731_red.fits_full.png,/home/anp50/rds/hpc-work/satellite_trails/data/dataset_pngs/ML1_20190822_170731_red_mask.png,2
/home/anp50/rds/hpc-work/satellite_trails/data/dataset_pngs/ML1_20190930_185256_red.fits_full.png,/home/anp50/rds/hpc-work/satellite_trails/data/dataset_pngs/ML1_20190930_185256_red_mask.png,1
/home/anp50/rds/hpc-work/satellite_trails/data/dataset_pngs/ML1_20191016_181148_red.fits_full.png,/home/anp50/rds/hpc-work/satellite_trails/data/dataset_pngs/ML1_20191016_181148_red_mask.png,1
/home/anp50/rds/hpc-work/satellite_trails/data/dataset_pngs/ML1_20191029_192237_red.fits_full.png,/home/anp50/rds/hpc-work/satellite_trails/data/dataset_pngs/ML1_20191029_192237_red_mask.png,1
/home/anp50/rds/hpc-work/satellite_trails/data/dataset_pngs/ML1_20191102_185539_red.fits_full.png,/home/anp50/rds/hpc-work/satellite_trails/data/dataset_pngs/ML1_20191102_185539_red_mask.png,0
/home/anp50/rds/hpc-work/satellite_trails/data/dataset_pngs/ML1_20191103_190023_red.fits_full.png,/home/anp50/rds/hpc-work/satellite_trails/data/dataset_pngs/ML1_20191103_190023_red_mask.png,1
/home/anp50/rds/hpc-work/satellite_trails/data/dataset_pngs/ML1_20191103_214801_red.fits_full.png,/home/anp50/rds/hpc-work/satellite_trails/data/dataset_pngs/ML1_20191103_214801_red_mask.png,0
/home/anp50/rds/hpc-work/satellite_trails/data/dataset_pngs/ML1_20191106_023624_red.fits_full.png,/home/anp50/rds/hpc-work/satellite_trails/data/dataset_pngs/ML1_20191106_023624_red_mask.png,2
/home/anp50/rds/hpc-work/satellite_trails/data/dataset_pngs/ML1_20191107_185205_red.fits_full.png,/home/anp50/rds/hpc-work/satellite_trails/data/dataset_pngs/ML1_20191107_185205_red_mask.png,0
/home/anp50/rds/hpc-work/satellite_trails/data/dataset_pngs/ML1_20191118_214959_red.fits_full.png,/home/anp50/rds/hpc-work/satellite_trails/data/dataset_pngs/ML1_20191118_214959_red_mask.png,0
/home/anp50/rds/hpc-work/satellite_trails/data/dataset_pngs/ML1_20191119_185225_red.fits_full.png,/home/anp50/rds/hpc-work/satellite_trails/data/dataset_pngs/ML1_20191119_185225_red_mask.png,1
/home/anp50/rds/hpc-work/satellite_trails/data/dataset_pngs/ML1_20191124_200820_red.fits_full.png,/home/anp50/rds/hpc-work/satellite_trails/data/dataset_pngs/ML1_20191124_200820_red_mask.png,0
/home/anp50/rds/hpc-work/satellite_trails/data/dataset_pngs/ML1_20191126_010718_red.fits_full.png,/home/anp50/rds/hpc-work/satellite_trails/data/dataset_pngs/ML1_20191126_010718_red_mask.png,1
/home/anp50/rds/hpc-work/satellite_trails/data/dataset_pngs/ML1_20191221_221509_red.fits_full.png,/home/anp50/rds/hpc-work/satellite_trails/data/dataset_pngs/ML1_20191221_221509_red_mask.png,0
/home/anp50/rds/hpc-work/satellite_trails/data/dataset_pngs/ML1_20191226_003258_red.fits_full.png,/home/anp50/rds/hpc-work/satellite_trails/data/dataset_pngs/ML1_20191226_003258_red_mask.png,0
/home/anp50/rds/hpc-work/satellite_trails/data/dataset_pngs/ML1_20200306_185210_red.fits_full.png,/home/anp50/rds/hpc-work/satellite_trails/data/dataset_pngs/ML1_20200306_185210_red_mask.png,0
/home/anp50/rds/hpc-work/satellite_trails/data/dataset_pngs/ML1_20200318_024625_red.fits_full.png,/home/anp50/rds/hpc-work/satellite_trails/data/dataset_pngs/ML1_20200318_024625_red_mask.png,0
/home/anp50/rds/hpc-work/satellite_trails/data/dataset_pngs/ML1_20200320_183621_red.fits_full.png,/home/anp50/rds/hpc-work/satellite_trails/data/dataset_pngs/ML1_20200320_183621_red_mask.png,0
/home/anp50/rds/hpc-work/satellite_trails/data/dataset_pngs/ML1_20200328_002539_red.fits_full.png,/home/anp50/rds/hpc-work/satellite_trails/data/dataset_pngs/ML1_20200328_002539_red_mask.png,0
/home/anp50/rds/hpc-work/satellite_trails/data/dataset_pngs/ML1_20200330_200056_red.fits_full.png,/home/anp50/rds/hpc-work/satellite_trails/data/dataset_pngs/ML1_20200330_200056_red_mask.png,0
/home/anp50/rds/hpc-work/satellite_trails/data/dataset_pngs/ML1_20200331_025417_red.fits_full.png,/home/anp50/rds/hpc-work/satellite_trails/data/dataset_pngs/ML1_20200331_025417_red_mask.png,0
/home/anp50/rds/hpc-work/satellite_trails/data/dataset_pngs/ML1_20200415_033927_red.fits_full.png,/home/anp50/rds/hpc-work/satellite_trails/data/dataset_pngs/ML1_20200415_033927_red_mask.png,0
/home/anp50/rds/hpc-work/satellite_trails/data/dataset_pngs/ML1_20200505_041054_red.fits_full.png,/home/anp50/rds/hpc-work/satellite_trails/data/dataset_pngs/ML1_20200505_041054_red_mask.png,0
/home/anp50/rds/hpc-work/satellite_trails/data/dataset_pngs/ML1_20200617_174808_red.fits_full.png,/home/anp50/rds/hpc-work/satellite_trails/data/dataset_pngs/ML1_20200617_174808_red_mask.png,0
/home/anp50/rds/hpc-work/satellite_trails/data/dataset_pngs/ML1_20200619_181405_red.fits_full.png,/home/anp50/rds/hpc-work/satellite_trails/data/dataset_pngs/ML1_20200619_181405_red_mask.png,2
/home/anp50/rds/hpc-work/satellite_trails/data/dataset_pngs/ML1_20200624_192441_red.fits_full.png,/home/anp50/rds/hpc-work/satellite_trails/data/dataset_pngs/ML1_20200624_192441_red_mask.png,2
/home/anp50/rds/hpc-work/satellite_trails/data/dataset_pngs/ML1_20200824_193057_red.fits_full.png,/home/anp50/rds/hpc-work/satellite_trails/data/dataset_pngs/ML1_20200824_193057_red_mask.png,0
/home/anp50/rds/hpc-work/satellite_trails/data/dataset_pngs/ML1_20201017_180936_red.fits_full.png,/home/anp50/rds/hpc-work/satellite_trails/data/dataset_pngs/ML1_20201017_180936_red_mask.png,0
/home/anp50/rds/hpc-work/satellite_trails/data/dataset_pngs/ML1_20201120_183143_red.fits_full.png,/home/anp50/rds/hpc-work/satellite_trails/data/dataset_pngs/ML1_20201120_183143_red_mask.png,1
/home/anp50/rds/hpc-work/satellite_trails/data/dataset_pngs/ML1_20210107_194623_red.fits_full.png,/home/anp50/rds/hpc-work/satellite_trails/data/dataset_pngs/ML1_20210107_194623_red_mask.png,0
/home/anp50/rds/hpc-work/satellite_trails/data/dataset_pngs/ML1_20210217_185657_red.fits_full.png,/home/anp50/rds/hpc-work/satellite_trails/data/dataset_pngs/ML1_20210217_185657_red_mask.png,0
/home/anp50/rds/hpc-work/satellite_trails/data/dataset_pngs/ML1_20210220_025417_red.fits_full.png,/home/anp50/rds/hpc-work/satellite_trails/data/dataset_pngs/ML1_20210220_025417_red_mask.png,0
/home/anp50/rds/hpc-work/satellite_trails/data/dataset_pngs/ML1_20210223_005326_red.fits_full.png,/home/anp50/rds/hpc-work/satellite_trails/data/dataset_pngs/ML1_20210223_005326_red_mask.png,0
/home/anp50/rds/hpc-work/satellite_trails/data/dataset_pngs/ML1_20210223_032216_red.fits_full.png,/home/anp50/rds/hpc-work/satellite_trails/data/dataset_pngs/ML1_20210223_032216_red_mask.png,0
/home/anp50/rds/hpc-work/satellite_trails/data/dataset_pngs/ML1_20210331_014231_red.fits_full.png,/home/anp50/rds/hpc-work/satellite_trails/data/dataset_pngs/ML1_20210331_014231_red_mask.png,0
/home/anp50/rds/hpc-work/satellite_trails/data/dataset_pngs/ML1_20210412_184413_red.fits_full.png,/home/anp50/rds/hpc-work/satellite_trails/data/dataset_pngs/ML1_20210412_184413_red_mask.png,2
/home/anp50/rds/hpc-work/satellite_trails/data/dataset_pngs/ML1_20210413_033516_red.fits_full.png,/home/anp50/rds/hpc-work/satellite_trails/data/dataset_pngs/ML1_20210413_033516_red_mask.png,0
/home/anp50/rds/hpc-work/satellite_trails/data/dataset_pngs/ML1_20210421_003735_red.fits_full.png,/home/anp50/rds/hpc-work/satellite_trails/data/dataset_pngs/ML1_20210421_003735_red_mask.png,0
/home/anp50/rds/hpc-work/satellite_trails/data/dataset_pngs/ML1_20210423_180056_red.fits_full.png,/home/anp50/rds/hpc-work/satellite_trails/data/dataset_pngs/ML1_20210423_180056_red_mask.png,0
/home/anp50/rds/hpc-work/satellite_trails/data/dataset_pngs/ML1_20210430_173349_red.fits_full.png,/home/anp50/rds/hpc-work/satellite_trails/data/dataset_pngs/ML1_20210430_173349_red_mask.png,0
/home/anp50/rds/hpc-work/satellite_trails/data/dataset_pngs/ML1_20210501_173842_red.fits_full.png,/home/anp50/rds/hpc-work/satellite_trails/data/dataset_pngs/ML1_20210501_173842_red_mask.png,1
/home/anp50/rds/hpc-work/satellite_trails/data/dataset_pngs/ML1_20210509_170723_red.fits_full.png,/home/anp50/rds/hpc-work/satellite_trails/data/dataset_pngs/ML1_20210509_170723_red_mask.png,0
/home/anp50/rds/hpc-work/satellite_trails/data/dataset_pngs/ML1_20210512_213357_red.fits_full.png,/home/anp50/rds/hpc-work/satellite_trails/data/dataset_pngs/ML1_20210512_213357_red_mask.png,0
/home/anp50/rds/hpc-work/satellite_trails/data/dataset_pngs/ML1_20210523_170338_red.fits_full.png,/home/anp50/rds/hpc-work/satellite_trails/data/dataset_pngs/ML1_20210523_170338_red_mask.png,0
/home/anp50/rds/hpc-work/satellite_trails/data/dataset_pngs/ML1_20210526_171735_red.fits_full.png,/home/anp50/rds/hpc-work/satellite_trails/data/dataset_pngs/ML1_20210526_171735_red_mask.png,1
/home/anp50/rds/hpc-work/satellite_trails/data/dataset_pngs/ML1_20210610_170339_red.fits_full.png,/home/anp50/rds/hpc-work/satellite_trails/data/dataset_pngs/ML1_20210610_170339_red_mask.png,0
/home/anp50/rds/hpc-work/satellite_trails/data/dataset_pngs/ML1_20210619_171004_red.fits_full.png,/home/anp50/rds/hpc-work/satellite_trails/data/dataset_pngs/ML1_20210619_171004_red_mask.png,1
/home/anp50/rds/hpc-work/satellite_trails/data/dataset_pngs/ML1_20210709_180009_red.fits_full.png,/home/anp50/rds/hpc-work/satellite_trails/data/dataset_pngs/ML1_20210709_180009_red_mask.png,1
/home/anp50/rds/hpc-work/satellite_trails/data/dataset_pngs/ML1_20210714_171511_red.fits_full.png,/home/anp50/rds/hpc-work/satellite_trails/data/dataset_pngs/ML1_20210714_171511_red_mask.png,0
/home/anp50/rds/hpc-work/satellite_trails/data/dataset_pngs/ML1_20210718_035503_red.fits_full.png,/home/anp50/rds/hpc-work/satellite_trails/data/dataset_pngs/ML1_20210718_035503_red_mask.png,0
/home/anp50/rds/hpc-work/satellite_trails/data/dataset_pngs/ML1_20211005_184426_red.fits_full.png,/home/anp50/rds/hpc-work/satellite_trails/data/dataset_pngs/ML1_20211005_184426_red_mask.png,0
/home/anp50/rds/hpc-work/satellite_trails/data/dataset_pngs/ML1_20211112_183658_red.fits_full.png,/home/anp50/rds/hpc-work/satellite_trails/data/dataset_pngs/ML1_20211112_183658_red_mask.png,2
/home/anp50/rds/hpc-work/satellite_trails/data/dataset_pngs/ML1_20211211_005340_red.fits_full.png,/home/anp50/rds/hpc-work/satellite_trails/data/dataset_pngs/ML1_20211211_005340_red_mask.png,0
/home/anp50/rds/hpc-work/satellite_trails/data/dataset_pngs/ML1_20211211_005626_red.fits_full.png,/home/anp50/rds/hpc-work/satellite_trails/data/dataset_pngs/ML1_20211211_005626_red_mask.png,0
/home/anp50/rds/hpc-work/satellite_trails/data/dataset_pngs/ML1_20211211_012413_red.fits_full.png,/home/anp50/rds/hpc-work/satellite_trails/data/dataset_pngs/ML1_20211211_012413_red_mask.png,1
/home/anp50/rds/hpc-work/satellite_trails/data/dataset_pngs/ML1_20220219_183622_red.fits_full.png,/home/anp50/rds/hpc-work/satellite_trails/data/dataset_pngs/ML1_20220219_183622_red_mask.png,2
/home/anp50/rds/hpc-work/satellite_trails/data/dataset_pngs/ML1_20220223_184524_red.fits_full.png,/home/anp50/rds/hpc-work/satellite_trails/data/dataset_pngs/ML1_20220223_184524_red_mask.png,0
/home/anp50/rds/hpc-work/satellite_trails/data/dataset_pngs/ML1_20220223_195137_red.fits_full.png,/home/anp50/rds/hpc-work/satellite_trails/data/dataset_pngs/ML1_20220223_195137_red_mask.png,0
/home/anp50/rds/hpc-work/satellite_trails/data/dataset_pngs/ML1_20220226_210640_red.fits_full.png,/home/anp50/rds/hpc-work/satellite_trails/data/dataset_pngs/ML1_20220226_210640_red_mask.png,0
/home/anp50/rds/hpc-work/satellite_trails/data/dataset_pngs/ML1_20220227_210515_red.fits_full.png,/home/anp50/rds/hpc-work/satellite_trails/data/dataset_pngs/ML1_20220227_210515_red_mask.png,2
/home/anp50/rds/hpc-work/satellite_trails/data/dataset_pngs/ML1_20220227_215330_red.fits_full.png,/home/anp50/rds/hpc-work/satellite_trails/data/dataset_pngs/ML1_20220227_215330_red_mask.png,0
/home/anp50/rds/hpc-work/satellite_trails/data/dataset_pngs/ML1_20220301_221353_red.fits_full.png,/home/anp50/rds/hpc-work/satellite_trails/data/dataset_pngs/ML1_20220301_221353_red_mask.png,1
/home/anp50/rds/hpc-work/satellite_trails/data/dataset_pngs/ML1_20220302_010746_red.fits_full.png,/home/anp50/rds/hpc-work/satellite_trails/data/dataset_pngs/ML1_20220302_010746_red_mask.png,0
/home/anp50/rds/hpc-work/satellite_trails/data/dataset_pngs/ML1_20220304_184346_red.fits_full.png,/home/anp50/rds/hpc-work/satellite_trails/data/dataset_pngs/ML1_20220304_184346_red_mask.png,0
/home/anp50/rds/hpc-work/satellite_trails/data/dataset_pngs/ML1_20220307_181307_red.fits_full.png,/home/anp50/rds/hpc-work/satellite_trails/data/dataset_pngs/ML1_20220307_181307_red_mask.png,0
/home/anp50/rds/hpc-work/satellite_trails/data/dataset_pngs/ML1_20220316_202756_red.fits_full.png,/home/anp50/rds/hpc-work/satellite_trails/data/dataset_pngs/ML1_20220316_202756_red_mask.png,2
/home/anp50/rds/hpc-work/satellite_trails/data/dataset_pngs/ML1_20220426_213434_red.fits_full.png,/home/anp50/rds/hpc-work/satellite_trails/data/dataset_pngs/ML1_20220426_213434_red_mask.png,0
/home/anp50/rds/hpc-work/satellite_trails/data/dataset_pngs/ML1_20220427_174909_red.fits_full.png,/home/anp50/rds/hpc-work/satellite_trails/data/dataset_pngs/ML1_20220427_174909_red_mask.png,2
/home/anp50/rds/hpc-work/satellite_trails/data/dataset_pngs/ML1_20220427_175806_red.fits_full.png,/home/anp50/rds/hpc-work/satellite_trails/data/dataset_pngs/ML1_20220427_175806_red_mask.png,0
/home/anp50/rds/hpc-work/satellite_trails/data/dataset_pngs/ML1_20220427_184139_red.fits_full.png,/home/anp50/rds/hpc-work/satellite_trails/data/dataset_pngs/ML1_20220427_184139_red_mask.png,1
/home/anp50/rds/hpc-work/satellite_trails/data/dataset_pngs/ML1_20220429_183212_red.fits_full.png,/home/anp50/rds/hpc-work/satellite_trails/data/dataset_pngs/ML1_20220429_183212_red_mask.png,0
/home/anp50/rds/hpc-work/satellite_trails/data/dataset_pngs/ML1_20220501_202145_red.fits_full.png,/home/anp50/rds/hpc-work/satellite_trails/data/dataset_pngs/ML1_20220501_202145_red_mask.png,2
/home/anp50/rds/hpc-work/satellite_trails/data/dataset_pngs/ML1_20220502_010017_red.fits_full.png,/home/anp50/rds/hpc-work/satellite_trails/data/dataset_pngs/ML1_20220502_010017_red_mask.png,0
/home/anp50/rds/hpc-work/satellite_trails/data/dataset_pngs/ML1_20220516_172703_red.fits_full.png,/home/anp50/rds/hpc-work/satellite_trails/data/dataset_pngs/ML1_20220516_172703_red_mask.png,0
/home/anp50/rds/hpc-work/satellite_trails/data/dataset_pngs/ML1_20220524_030720_red.fits_full.png,/home/anp50/rds/hpc-work/satellite_trails/data/dataset_pngs/ML1_20220524_030720_red_mask.png,0
/home/anp50/rds/hpc-work/satellite_trails/data/dataset_pngs/ML1_20220524_040528_red.fits_full.png,/home/anp50/rds/hpc-work/satellite_trails/data/dataset_pngs/ML1_20220524_040528_red_mask.png,2
/home/anp50/rds/hpc-work/satellite_trails/data/dataset_pngs/ML1_20220525_171623_red.fits_full.png,/home/anp50/rds/hpc-work/satellite_trails/data/dataset_pngs/ML1_20220525_171623_red_mask.png,0
/home/anp50/rds/hpc-work/satellite_trails/data/dataset_pngs/ML1_20220525_172514_red.fits_full.png,/home/anp50/rds/hpc-work/satellite_trails/data/dataset_pngs/ML1_20220525_172514_red_mask.png,0
/home/anp50/rds/hpc-work/satellite_trails/data/dataset_pngs/ML1_20220525_195141_red.fits_full.png,/home/anp50/rds/hpc-work/satellite_trails/data/dataset_pngs/ML1_20220525_195141_red_mask.png,1
/home/anp50/rds/hpc-work/satellite_trails/data/dataset_pngs/ML1_20220525_200632_red.fits_full.png,/home/anp50/rds/hpc-work/satellite_trails/data/dataset_pngs/ML1_20220525_200632_red_mask.png,0
/home/anp50/rds/hpc-work/satellite_trails/data/dataset_pngs/ML1_20220527_211055_red.fits_full.png,/home/anp50/rds/hpc-work/satellite_trails/data/dataset_pngs/ML1_20220527_211055_red_mask.png,0
/home/anp50/rds/hpc-work/satellite_trails/data/dataset_pngs/ML1_20220528_042530_red.fits_full.png,/home/anp50/rds/hpc-work/satellite_trails/data/dataset_pngs/ML1_20220528_042530_red_mask.png,0
/home/anp50/rds/hpc-work/satellite_trails/data/dataset_pngs/ML1_20220530_164813_red.fits_full.png,/home/anp50/rds/hpc-work/satellite_trails/data/dataset_pngs/ML1_20220530_164813_red_mask.png,0
/home/anp50/rds/hpc-work/satellite_trails/data/dataset_pngs/ML1_20220530_165110_red.fits_full.png,/home/anp50/rds/hpc-work/satellite_trails/data/dataset_pngs/ML1_20220530_165110_red_mask.png,0
/home/anp50/rds/hpc-work/satellite_trails/data/dataset_pngs/ML1_20220530_165408_red.fits_full.png,/home/anp50/rds/hpc-work/satellite_trails/data/dataset_pngs/ML1_20220530_165408_red_mask.png,0
/home/anp50/rds/hpc-work/satellite_trails/data/dataset_pngs/ML1_20220530_171025_red.fits_full.png,/home/anp50/rds/hpc-work/satellite_trails/data/dataset_pngs/ML1_20220530_171025_red_mask.png,0
/home/anp50/rds/hpc-work/satellite_trails/data/dataset_pngs/ML1_20220530_172512_red.fits_full.png,/home/anp50/rds/hpc-work/satellite_trails/data/dataset_pngs/ML1_20220530_172512_red_mask.png,1
/home/anp50/rds/hpc-work/satellite_trails/data/dataset_pngs/ML1_20220530_174559_red.fits_full.png,/home/anp50/rds/hpc-work/satellite_trails/data/dataset_pngs/ML1_20220530_174559_red_mask.png,1
/home/anp50/rds/hpc-work/satellite_trails/data/dataset_pngs/ML1_20220530_174856_red.fits_full.png,/home/anp50/rds/hpc-work/satellite_trails/data/dataset_pngs/ML1_20220530_174856_red_mask.png,1
/home/anp50/rds/hpc-work/satellite_trails/data/dataset_pngs/ML1_20220531_190959_red.fits_full.png,/home/anp50/rds/hpc-work/satellite_trails/data/dataset_pngs/ML1_20220531_190959_red_mask.png,2
/home/anp50/rds/hpc-work/satellite_trails/data/dataset_pngs/ML1_20220531_191816_red.fits_full.png,/home/anp50/rds/hpc-work/satellite_trails/data/dataset_pngs/ML1_20220531_191816_red_mask.png,2
/home/anp50/rds/hpc-work/satellite_trails/data/dataset_pngs/ML1_20220531_192240_red.fits_full.png,/home/anp50/rds/hpc-work/satellite_trails/data/dataset_pngs/ML1_20220531_192240_red_mask.png,0
/home/anp50/rds/hpc-work/satellite_trails/data/dataset_pngs/ML1_20220531_195035_red.fits_full.png,/home/anp50/rds/hpc-work/satellite_trails/data/dataset_pngs/ML1_20220531_195035_red_mask.png,0
/home/anp50/rds/hpc-work/satellite_trails/data/dataset_pngs/ML1_20220601_172459_red.fits_full.png,/home/anp50/rds/hpc-work/satellite_trails/data/dataset_pngs/ML1_20220601_172459_red_mask.png,0
/home/anp50/rds/hpc-work/satellite_trails/data/dataset_pngs/ML1_20220601_184124_red.fits_full.png,/home/anp50/rds/hpc-work/satellite_trails/data/dataset_pngs/ML1_20220601_184124_red_mask.png,0
/home/anp50/rds/hpc-work/satellite_trails/data/dataset_pngs/ML1_20220601_185236_red.fits_full.png,/home/anp50/rds/hpc-work/satellite_trails/data/dataset_pngs/ML1_20220601_185236_red_mask.png,0
/home/anp50/rds/hpc-work/satellite_trails/data/dataset_pngs/ML1_20220601_185531_red.fits_full.png,/home/anp50/rds/hpc-work/satellite_trails/data/dataset_pngs/ML1_20220601_185531_red_mask.png,0
/home/anp50/rds/hpc-work/satellite_trails/data/dataset_pngs/ML1_20220601_192533_red.fits_full.png,/home/anp50/rds/hpc-work/satellite_trails/data/dataset_pngs/ML1_20220601_192533_red_mask.png,0
/home/anp50/rds/hpc-work/satellite_trails/data/dataset_pngs/ML1_20220601_195233_red.fits_full.png,/home/anp50/rds/hpc-work/satellite_trails/data/dataset_pngs/ML1_20220601_195233_red_mask.png,2
/home/anp50/rds/hpc-work/satellite_trails/data/dataset_pngs/ML1_20220601_195530_red.fits_full.png,/home/anp50/rds/hpc-work/satellite_trails/data/dataset_pngs/ML1_20220601_195530_red_mask.png,0
/home/anp50/rds/hpc-work/satellite_trails/data/dataset_pngs/ML1_20220601_201111_red.fits_full.png,/home/anp50/rds/hpc-work/satellite_trails/data/dataset_pngs/ML1_20220601_201111_red_mask.png,1
/home/anp50/rds/hpc-work/satellite_trails/data/dataset_pngs/ML1_20220601_201409_red.fits_full.png,/home/anp50/rds/hpc-work/satellite_trails/data/dataset_pngs/ML1_20220601_201409_red_mask.png,1
/home/anp50/rds/hpc-work/satellite_trails/data/dataset_pngs/ML1_20220602_214736_red.fits_full.png,/home/anp50/rds/hpc-work/satellite_trails/data/dataset_pngs/ML1_20220602_214736_red_mask.png,0
/home/anp50/rds/hpc-work/satellite_trails/data/dataset_pngs/ML1_20220602_220452_red.fits_full.png,/home/anp50/rds/hpc-work/satellite_trails/data/dataset_pngs/ML1_20220602_220452_red_mask.png,1
/home/anp50/rds/hpc-work/satellite_trails/data/dataset_pngs/ML1_20220605_165123_red.fits_full.png,/home/anp50/rds/hpc-work/satellite_trails/data/dataset_pngs/ML1_20220605_165123_red_mask.png,0
/home/anp50/rds/hpc-work/satellite_trails/data/dataset_pngs/ML1_20220605_172929_red.fits_full.png,/home/anp50/rds/hpc-work/satellite_trails/data/dataset_pngs/ML1_20220605_172929_red_mask.png,2
/home/anp50/rds/hpc-work/satellite_trails/data/dataset_pngs/ML1_20220605_173525_red.fits_full.png,/home/anp50/rds/hpc-work/satellite_trails/data/dataset_pngs/ML1_20220605_173525_red_mask.png,0
/home/anp50/rds/hpc-work/satellite_trails/data/dataset_pngs/ML1_20220605_174538_red.fits_full.png,/home/anp50/rds/hpc-work/satellite_trails/data/dataset_pngs/ML1_20220605_174538_red_mask.png,0
/home/anp50/rds/hpc-work/satellite_trails/data/dataset_pngs/ML1_20220605_175003_red.fits_full.png,/home/anp50/rds/hpc-work/satellite_trails/data/dataset_pngs/ML1_20220605_175003_red_mask.png,0
/home/anp50/rds/hpc-work/satellite_trails/data/dataset_pngs/ML1_20220605_211931_red.fits_full.png,/home/anp50/rds/hpc-work/satellite_trails/data/dataset_pngs/ML1_20220605_211931_red_mask.png,0
/home/anp50/rds/hpc-work/satellite_trails/data/dataset_pngs/ML1_20220605_222411_red.fits_full.png,/home/anp50/rds/hpc-work/satellite_trails/data/dataset_pngs/ML1_20220605_222411_red_mask.png,0
/home/anp50/rds/hpc-work/satellite_trails/data/dataset_pngs/ML1_20220606_023401_red.fits_full.png,/home/anp50/rds/hpc-work/satellite_trails/data/dataset_pngs/ML1_20220606_023401_red_mask.png,2
/home/anp50/rds/hpc-work/satellite_trails/data/dataset_pngs/ML1_20220606_165302_red.fits_full.png,/home/anp50/rds/hpc-work/satellite_trails/data/dataset_pngs/ML1_20220606_165302_red_mask.png,2
/home/anp50/rds/hpc-work/satellite_trails/data/dataset_pngs/ML1_20220626_165956_red.fits_full.png,/home/anp50/rds/hpc-work/satellite_trails/data/dataset_pngs/ML1_20220626_165956_red_mask.png,0
/home/anp50/rds/hpc-work/satellite_trails/data/dataset_pngs/ML1_20220626_170846_red.fits_full.png,/home/anp50/rds/hpc-work/satellite_trails/data/dataset_pngs/ML1_20220626_170846_red_mask.png,0
/home/anp50/rds/hpc-work/satellite_trails/data/dataset_pngs/ML1_20220627_172936_red.fits_full.png,/home/anp50/rds/hpc-work/satellite_trails/data/dataset_pngs/ML1_20220627_172936_red_mask.png,0
/home/anp50/rds/hpc-work/satellite_trails/data/dataset_pngs/ML1_20220627_215441_red.fits_full.png,/home/anp50/rds/hpc-work/satellite_trails/data/dataset_pngs/ML1_20220627_215441_red_mask.png,1
/home/anp50/rds/hpc-work/satellite_trails/data/dataset_pngs/ML1_20220627_225151_red.fits_full.png,/home/anp50/rds/hpc-work/satellite_trails/data/dataset_pngs/ML1_20220627_225151_red_mask.png,0
/home/anp50/rds/hpc-work/satellite_trails/data/dataset_pngs/ML1_20220628_185138_red.fits_full.png,/home/anp50/rds/hpc-work/satellite_trails/data/dataset_pngs/ML1_20220628_185138_red_mask.png,0
/home/anp50/rds/hpc-work/satellite_trails/data/dataset_pngs/ML1_20220628_203651_red.fits_full.png,/home/anp50/rds/hpc-work/satellite_trails/data/dataset_pngs/ML1_20220628_203651_red_mask.png,0
/home/anp50/rds/hpc-work/satellite_trails/data/dataset_pngs/ML1_20220629_171546_red.fits_full.png,/home/anp50/rds/hpc-work/satellite_trails/data/dataset_pngs/ML1_20220629_171546_red_mask.png,2
/home/anp50/rds/hpc-work/satellite_trails/data/dataset_pngs/ML1_20220701_173541_red.fits_full.png,/home/anp50/rds/hpc-work/satellite_trails/data/dataset_pngs/ML1_20220701_173541_red_mask.png,2
/home/anp50/rds/hpc-work/satellite_trails/data/dataset_pngs/ML1_20220704_164537_red.fits_full.png,/home/anp50/rds/hpc-work/satellite_trails/data/dataset_pngs/ML1_20220704_164537_red_mask.png,2
/home/anp50/rds/hpc-work/satellite_trails/data/dataset_pngs/ML1_20220706_194858_red.fits_full.png,/home/anp50/rds/hpc-work/satellite_trails/data/dataset_pngs/ML1_20220706_194858_red_mask.png,0
/home/anp50/rds/hpc-work/satellite_trails/data/dataset_pngs/ML1_20220720_184934_red.fits_full.png,/home/anp50/rds/hpc-work/satellite_trails/data/dataset_pngs/ML1_20220720_184934_red_mask.png,0
/home/anp50/rds/hpc-work/satellite_trails/data/dataset_pngs/ML1_20220721_180025_red.fits_full.png,/home/anp50/rds/hpc-work/satellite_trails/data/dataset_pngs/ML1_20220721_180025_red_mask.png,0
/home/anp50/rds/hpc-work/satellite_trails/data/dataset_pngs/ML1_20220724_173250_red.fits_full.png,/home/anp50/rds/hpc-work/satellite_trails/data/dataset_pngs/ML1_20220724_173250_red_mask.png,0
/home/anp50/rds/hpc-work/satellite_trails/data/dataset_pngs/ML1_20220724_173546_red.fits_full.png,/home/anp50/rds/hpc-work/satellite_trails/data/dataset_pngs/ML1_20220724_173546_red_mask.png,0
/home/anp50/rds/hpc-work/satellite_trails/data/dataset_pngs/ML1_20220724_174430_red.fits_full.png,/home/anp50/rds/hpc-work/satellite_trails/data/dataset_pngs/ML1_20220724_174430_red_mask.png,0
/home/anp50/rds/hpc-work/satellite_trails/data/dataset_pngs/ML1_20220724_182713_red.fits_full.png,/home/anp50/rds/hpc-work/satellite_trails/data/dataset_pngs/ML1_20220724_182713_red_mask.png,0
/home/anp50/rds/hpc-work/satellite_trails/data/dataset_pngs/ML1_20220724_185353_red.fits_full.png,/home/anp50/rds/hpc-work/satellite_trails/data/dataset_pngs/ML1_20220724_185353_red_mask.png,0
/home/anp50/rds/hpc-work/satellite_trails/data/dataset_pngs/ML1_20220724_190246_red.fits_full.png,/home/anp50/rds/hpc-work/satellite_trails/data/dataset_pngs/ML1_20220724_190246_red_mask.png,1
/home/anp50/rds/hpc-work/satellite_trails/data/dataset_pngs/ML1_20220727_175145_red.fits_full.png,/home/anp50/rds/hpc-work/satellite_trails/data/dataset_pngs/ML1_20220727_175145_red_mask.png,0
/home/anp50/rds/hpc-work/satellite_trails/data/dataset_pngs/ML1_20220727_175442_red.fits_full.png,/home/anp50/rds/hpc-work/satellite_trails/data/dataset_pngs/ML1_20220727_175442_red_mask.png,0
/home/anp50/rds/hpc-work/satellite_trails/data/dataset_pngs/ML1_20220727_180037_red.fits_full.png,/home/anp50/rds/hpc-work/satellite_trails/data/dataset_pngs/ML1_20220727_180037_red_mask.png,0
/home/anp50/rds/hpc-work/satellite_trails/data/dataset_pngs/ML1_20220727_180334_red.fits_full.png,/home/anp50/rds/hpc-work/satellite_trails/data/dataset_pngs/ML1_20220727_180334_red_mask.png,0
/home/anp50/rds/hpc-work/satellite_trails/data/dataset_pngs/ML1_20220727_180929_red.fits_full.png,/home/anp50/rds/hpc-work/satellite_trails/data/dataset_pngs/ML1_20220727_180929_red_mask.png,0
/home/anp50/rds/hpc-work/satellite_trails/data/dataset_pngs/ML1_20220727_181356_red.fits_full.png,/home/anp50/rds/hpc-work/satellite_trails/data/dataset_pngs/ML1_20220727_181356_red_mask.png,0
/home/anp50/rds/hpc-work/satellite_trails/data/dataset_pngs/ML1_20220727_182417_red.fits_full.png,/home/anp50/rds/hpc-work/satellite_trails/data/dataset_pngs/ML1_20220727_182417_red_mask.png,1
/home/anp50/rds/hpc-work/satellite_trails/data/dataset_pngs/ML1_20220727_184035_red.fits_full.png,/home/anp50/rds/hpc-work/satellite_trails/data/dataset_pngs/ML1_20220727_184035_red_mask.png,0
/home/anp50/rds/hpc-work/satellite_trails/data/dataset_pngs/ML1_20220727_185824_red.fits_full.png,/home/anp50/rds/hpc-work/satellite_trails/data/dataset_pngs/ML1_20220727_185824_red_mask.png,0
/home/anp50/rds/hpc-work/satellite_trails/data/dataset_pngs/ML1_20220727_190250_red.fits_full.png,/home/anp50/rds/hpc-work/satellite_trails/data/dataset_pngs/ML1_20220727_190250_red_mask.png,0
/home/anp50/rds/hpc-work/satellite_trails/data/dataset_pngs/ML1_20220727_190716_red.fits_full.png,/home/anp50/rds/hpc-work/satellite_trails/data/dataset_pngs/ML1_20220727_190716_red_mask.png,0
/home/anp50/rds/hpc-work/satellite_trails/data/dataset_pngs/ML1_20220727_191142_red.fits_full.png,/home/anp50/rds/hpc-work/satellite_trails/data/dataset_pngs/ML1_20220727_191142_red_mask.png,0
/home/anp50/rds/hpc-work/satellite_trails/data/dataset_pngs/ML1_20220728_180558_red.fits_full.png,/home/anp50/rds/hpc-work/satellite_trails/data/dataset_pngs/ML1_20220728_180558_red_mask.png,0
/home/anp50/rds/hpc-work/satellite_trails/data/dataset_pngs/ML1_20220906_032942_red.fits_full.png,/home/anp50/rds/hpc-work/satellite_trails/data/dataset_pngs/ML1_20220906_032942_red_mask.png,2
/home/anp50/rds/hpc-work/satellite_trails/data/dataset_pngs/ML1_20221116_013325_red.fits_full.png,/home/anp50/rds/hpc-work/satellite_trails/data/dataset_pngs/ML1_20221116_013325_red_mask.png,0
/home/anp50/rds/hpc-work/satellite_trails/data/dataset_pngs/ML1_20221122_193739_red.fits_full.png,/home/anp50/rds/hpc-work/satellite_trails/data/dataset_pngs/ML1_20221122_193739_red_mask.png,2
/home/anp50/rds/hpc-work/satellite_trails/data/dataset_pngs/ML1_20221127_194620_red.fits_full.png,/home/anp50/rds/hpc-work/satellite_trails/data/dataset_pngs/ML1_20221127_194620_red_mask.png,0
/home/anp50/rds/hpc-work/satellite_trails/data/dataset_pngs/ML1_20221210_013713_red.fits_full.png,/home/anp50/rds/hpc-work/satellite_trails/data/dataset_pngs/ML1_20221210_013713_red_mask.png,0
/home/anp50/rds/hpc-work/satellite_trails/data/dataset_pngs/ML1_20221225_202122_red.fits_full.png,/home/anp50/rds/hpc-work/satellite_trails/data/dataset_pngs/ML1_20221225_202122_red_mask.png,0
/home/anp50/rds/hpc-work/satellite_trails/data/dataset_pngs/ML1_20221226_225024_red.fits_full.png,/home/anp50/rds/hpc-work/satellite_trails/data/dataset_pngs/ML1_20221226_225024_red_mask.png,0
/home/anp50/rds/hpc-work/satellite_trails/data/dataset_pngs/ML1_20230101_193754_red.fits_full.png,/home/anp50/rds/hpc-work/satellite_trails/data/dataset_pngs/ML1_20230101_193754_red_mask.png,0
/home/anp50/rds/hpc-work/satellite_trails/data/dataset_pngs/ML1_20230103_185918_red.fits_full.png,/home/anp50/rds/hpc-work/satellite_trails/data/dataset_pngs/ML1_20230103_185918_red_mask.png,0
/home/anp50/rds/hpc-work/satellite_trails/data/dataset_pngs/ML1_20230104_185906_red.fits_full.png,/home/anp50/rds/hpc-work/satellite_trails/data/dataset_pngs/ML1_20230104_185906_red_mask.png,0
/home/anp50/rds/hpc-work/satellite_trails/data/dataset_pngs/ML1_20230110_184239_red.fits_full.png,/home/anp50/rds/hpc-work/satellite_trails/data/dataset_pngs/ML1_20230110_184239_red_mask.png,0
/home/anp50/rds/hpc-work/satellite_trails/data/dataset_pngs/ML1_20230110_185805_red.fits_full.png,/home/anp50/rds/hpc-work/satellite_trails/data/dataset_pngs/ML1_20230110_185805_red_mask.png,0
/home/anp50/rds/hpc-work/satellite_trails/data/dataset_pngs/ML1_20230219_185141_red.fits_full.png,/home/anp50/rds/hpc-work/satellite_trails/data/dataset_pngs/ML1_20230219_185141_red_mask.png,0
/home/anp50/rds/hpc-work/satellite_trails/data/dataset_pngs/ML1_20230227_020410_red.fits_full.png,/home/anp50/rds/hpc-work/satellite_trails/data/dataset_pngs/ML1_20230227_020410_red_mask.png,0
